{"is_source_file": false, "format": "", "description": "", "external_files": [], "external_methods": [], "published": [], "classes": [], "methods": [], "calls": [], "search-terms": [], "state": 2, "file_id": 1, "knowledge_revision": 18, "git_revision": "e0531e1feb8a91f86e46992dbbfa8a6d79e09dcb", "hash": "5f16e4a9e43994f24281fce76c1056e8", "format-version": 4, "code-base-name": "tic_tac_toe_frontend", "filename": "README.md", "revision_history": [{"18": "e0531e1feb8a91f86e46992dbbfa8a6d79e09dcb"}]}