{"is_source_file": true, "format": "JavaScript", "description": "This file sets up testing configurations for a React project, specifically importing custom jest matchers from the '@testing-library/jest-dom' library to enhance testing capabilities for DOM nodes.", "external_files": ["@testing-library/jest-dom"], "external_methods": [], "published": [], "classes": [], "methods": [], "calls": ["import '@testing-library/jest-dom'"], "search-terms": ["setupTests.js", "jest-dom", "testing-library", "react", "jest matchers"], "state": 2, "file_id": 6, "knowledge_revision": 19, "git_revision": "4c576b0f56824109bdeaf1d3e4022fb805d86873", "ctags": [], "hash": "1a77571e1a8cf36018a41bcedf60db75", "format-version": 4, "code-base-name": "tic_tac_toe_frontend", "filename": "tic_tac_toe_frontend/src/setupTests.js", "revision_history": [{"19": "4c576b0f56824109bdeaf1d3e4022fb805d86873"}]}