{"is_source_file": false, "format": null, "description": "", "external_files": [], "external_methods": [], "published": [], "classes": [], "methods": [], "calls": [], "search-terms": ["manifest.json", "create-react-app", "React App", "icons", "start_url"], "state": 2, "file_id": 3, "knowledge_revision": 20, "git_revision": "4c576b0f56824109bdeaf1d3e4022fb805d86873", "hash": "d9d975cebe2ec20b6c652e1e4c12ccf0", "format-version": 4, "code-base-name": "tic_tac_toe_frontend", "filename": "tic_tac_toe_frontend/public/manifest.json", "revision_history": [{"20": "4c576b0f56824109bdeaf1d3e4022fb805d86873"}]}