{"is_source_file": true, "format": "JavaScript (React JSX)", "description": "This file sets up the entry point for a React application, importing necessary modules and rendering the main App component into the DOM.", "external_files": ["react", "react-dom/client", "./index.css", "./App"], "external_methods": ["ReactDOM.createRoot", "root.render"], "published": [], "classes": [], "methods": [{"name": "ReactDOM.createRoot", "description": "Creates a root for rendering React elements into the DOM."}, {"name": "render", "description": "Renders React elements into the DOM at the specified root."}], "calls": ["ReactDOM.createRoot", "root.render", "<React.StrictMode>", "<App />"], "search-terms": ["entry point", "React DOM rendering", "main React component", "index.js", "React.StrictMode"], "state": 2, "file_id": 5, "knowledge_revision": 22, "git_revision": "4c576b0f56824109bdeaf1d3e4022fb805d86873", "ctags": [{"_type": "tag", "name": "root", "path": "/home/kavia/workspace/code-generation/browser-tic-tac-toe-319522-319531/tic_tac_toe_frontend/src/index.js", "pattern": "/^const root = ReactDOM.createRoot(document.getElementById('root'));$/", "language": "JavaScript", "kind": "constant"}], "hash": "9fc5841375336fc175b49f8767a11383", "format-version": 4, "code-base-name": "tic_tac_toe_frontend", "filename": "tic_tac_toe_frontend/src/index.js", "revision_history": [{"22": "4c576b0f56824109bdeaf1d3e4022fb805d86873"}]}