{"is_source_file": false, "format": "", "description": "", "external_files": [], "external_methods": [], "published": [], "classes": [], "methods": [], "calls": [], "search-terms": ["CSS", "theme", "variables", ":root", "dark theme", "light theme"], "state": 2, "file_id": 8, "knowledge_revision": 15, "git_revision": "4c576b0f56824109bdeaf1d3e4022fb805d86873", "hash": "22f9e17cc1848b56dbb244518ac2707e", "format-version": 4, "code-base-name": "tic_tac_toe_frontend", "filename": "tic_tac_toe_frontend/src/App.css", "revision_history": [{"15": "4c576b0f56824109bdeaf1d3e4022fb805d86873"}]}