{"is_source_file": false, "format": "", "description": "", "external_files": [], "external_methods": [], "published": [], "classes": [], "methods": [], "calls": [], "search-terms": [], "state": 2, "file_id": 11, "knowledge_revision": 14, "git_revision": "4c576b0f56824109bdeaf1d3e4022fb805d86873", "hash": "be6538e7523bc2e9da0743133d784136", "format-version": 4, "code-base-name": "tic_tac_toe_frontend", "filename": "tic_tac_toe_frontend/eslint.config.mjs", "revision_history": [{"14": "4c576b0f56824109bdeaf1d3e4022fb805d86873"}]}